"","V1","V2","V3","V4","V5","V6","V7","V8","V9","V10","V11","V12","V13","V14","V15","V16","V17","V18","V19","V20","V21","V22","V23","V24"
"1","20","6","162","862","0.974","0.979","1","0.977","0.961","0.332","0.21","0.638","AA","0","AA","0","AA","1","AA","1","AA","1","AA","1"
"2","20","8","307","849","0.989","0.993","0.978","0.998","0.982","0.359","0.199","0.627","AA","0","AA","0","AA","1","AA","1","AA","1","AA","1"
"3","20","14","327","659","0.892","0.892","0.892","0.892","0.895","0.205","0.325","0.614","AA","0","AA","0","AA","1","AA","1","AA","1","AA","1"
"4","20","15","801","920","0.775","0.758","0.775","0.767","0.95","0.692","0.283","0.783","AA","0","AA","0","AA","1","AA","1","AA","1","AA","1"
"5","20","16","113","602","0.939","0.943","0.969","0.945","0.978","0.192","0.216","0.678","AA","0","AA","0","AA","1","AA","1","AA","1","AA","1"
"6","20","18","268","628","0.994","0.994","0.994","0.994","0.997","0.194","0.233","0.629","AA","0","AA","0","AA","1","AA","1","AA","1","AA","1"
"7","20","19","122","218","0.186","0.196","0.258","0.196","0.227","0.76","1","0.33","AA","0","AA","0","AA","1","AA","1","AA","1","AA","1"
"8","20","20","1","108","0.287","0.324","0.278","0.5","0.324","0.72","1","0.463","AA","0","AA","0","AA","1","AA","1","AA","1","AA","1"
"9","20","25","317","378","0.968","0.984","0.984","0.984","0.984","0.242","0.258","0.661","CD","0.961","CD","1","CC","1","CD","0.984","DC","0.984","DD","1"
"10","20","27","264","755","0.996","0.996","0.979","1","0.998","0.299","0.211","0.618","DD","0.968","AD","0.999","DA","0.996","DD","1","DA","0.996","DD","1"
"11","20","28","176","377","0.198","0.203","0.219","0.198","0.214","0.099","0.229","0.146","CG","0.957","CG","1","CC","1","CG","0.208","GC","0.208","GG","1"
"12","20","29","162","200","0.949","0.974","1","0.974","0.949","0.211","0.154","0.718","CC","0.719","BC","0.76","CB","0.974","CC","1","CB","0.974","CC","1"
"13","20","30","309","931","0.981","0.974","0.981","0.977","0.923","0.369","0.204","0.613","AC","0.975","AC","0.977","AA","1","AC","0.981","CA","0.981","CC","1"
"14","20","31","538","1628","0.809","0.794","0.894","0.894","0.796","0.37","0.244","0.569","AE","0.96","AE","0.999","AA","1","AE","0.902","EA","0.902","EE","1"
"15","20","35","122","644","0.888","0.892","0.881","0.89","0.89","0.178","0.18","0.62","BC","0.73","CC","0.948","BC","0.95","BC","0.95","CC","1","CC","1"
"16","20","39","261","615","0.983","0.986","0.983","0.986","0.986","0.166","0.229","0.628","BD","0.827","DD","0.998","BD","0.997","BD","0.997","DD","1","DD","1"
"17","20","40","254","378","0.992","1","1","0.992","1","0.23","0.254","0.59","BE","0.538","AE","0.587","BA","0.992","BE","1","EA","0.992","EE","1"
"18","20","43","426","615","0.36","0.36","0.36","0.36","0.36","0.065","0.22","0.258","CD","0.898","CD","1","CC","1","CD","0.995","DC","0.995","DD","1"
"19","20","45","160","383","0.091","0.1","0.096","0.096","0.1","0.596","0.616","0.269","BG","0.973","BG","1","BB","1","BG","0.192","GB","0.192","GG","1"
"20","20","52","122","628","0.84","0.837","0.858","0.837","0.879","0.332","0.28","0.669","AA","0.736","EE","1","AE","0.959","AE","0.959","AE","0.959","AE","0.959"
"21","20","60","183","376","0.516","0.521","0.521","0.521","0.521","0.193","0.104","0.318","CD","0.958","CD","0.999","CC","1","CD","0.974","DC","0.974","DD","1"
"22","20","62","309","491","0.989","0.995","0.995","0.995","0.995","0.164","0.224","0.656","CD","0.952","CD","1","CC","1","CD","0.995","DC","0.995","DD","1"
"23","20","68","177","378","0.614","0.619","0.604","0.614","0.629","0.124","0.139","0.629","EH","0.981","EH","1","EE","1","EH","0.629","HE","0.629","HH","1"
"24","20","75","307","766","0.42","0.42","0.402","0.42","0.422","0.885","0.534","0.49","AA","0","AA","0","AA","1","AA","1","AA","1","AA","1"
