"","Chr","Ind","ML","MR","A","B","C","D","E","F","G","H","rqtl2_geno","rqtl2_prob","doqtl_geno","doqtl_prob","fm1","fm1_prop","fm2","fm2_prop","f3","fm3_prop","fm4","fm4_prop"
"1","16","10","577","870","0.962","0.955","0.918","0.962","0.962","0.152","0.208","0.671","AD","0.677","AB","0.988","AA","1","AB","0.956","DA","0.963","DB","0.993"
"2","16","45","592","769","0.215","0.209","0.181","0.215","0.215","0.046","0.2","0.147","EG","0.811","BG","0.999","EB","0.994","EG","0.199","GB","0.193","GG","1"
"3","16","62","582","965","0.184","0.189","0.181","0.192","0.192","0.081","0.152","0.107","DF","0.833","BF","0.996","DB","0.995","DF","0.139","FB","0.139","FF","1"
"4","16","63","698","996","0.959","0.983","0.986","0.986","0.986","0.143","0.221","0.626","DE","0.719","BE","0.996","DB","0.993","DE","0.997","EB","0.997","EE","1"
"5","16","69","589","698","1","0.991","0.881","1","1","0.121","0.211","0.716","EE","0.474","BE","0.986","EB","0.991","EE","1","EB","0.991","EE","1"
"6","16","70","449","1063","0.224","0.229","0.218","0.229","0.233","0.05","0.218","0.142","EG","0.892","BG","0.999","EB","0.997","EG","0.218","GB","0.215","GG","1"
"7","16","79","584","982","0.285","0.288","0.28","0.293","0.293","0.064","0.222","0.166","BD","0.786","BD","0.997","BB","1","BD","0.995","DB","0.995","DD","1"
"8","16","84","698","996","0.612","0.626","0.629","0.629","0.629","0.055","0.135","0.631","DH","0.861","BH","1","DB","0.993","DH","0.631","HB","0.631","HH","1"
"9","16","85","857","1003","0.476","0.469","0.476","0.469","0.476","0.077","0.221","0.282","AC","0.341","BD","0.995","AB","0.993","AD","0.993","CB","0.993","CD","0.993"
"10","16","86","546","698","0.98","0.974","0.895","0.98","0.98","0.107","0.207","0.658","AD","0.47","DE","0.998","AD","0.987","AE","0.987","DD","1","DE","1"
"11","16","94","449","915","0.221","0.227","0.21","0.231","0.231","0.053","0.211","0.142","DG","0.879","BG","0.998","DB","0.996","DG","0.209","GB","0.205","GG","1"
"12","16","99","710","996","0.23","0.237","0.241","0.241","0.241","0.061","0.216","0.134","DF","0.852","BF","0.998","DB","0.993","DF","0.15","FB","0.15","FF","1"
"13","16","102","592","1244","0.923","0.937","0.934","0.906","0.875","0.152","0.209","0.588","BC","0.975","AC","0.938","BA","0.982","BC","0.945","CA","0.933","CC","1"
"14","16","103","698","996","0.956","0.98","0.983","0.983","0.983","0.157","0.233","0.625","DE","0.621","BE","1","DB","0.993","DE","0.997","EB","0.997","EE","1"
"15","16","104","773","890","0.905","0.966","0.974","0.974","0.974","0.224","0.235","0.578","CE","0.246","BD","0.95","CB","0.992","CD","1","EB","0.992","ED","1"
"16","16","116","592","939","0.654","0.663","0.651","0.669","0.669","0.061","0.132","0.668","EH","0.734","BH","1","EB","0.994","EH","0.669","HB","0.663","HH","1"
"17","16","122","466","642","0.92","0.926","0.932","0.932","0.932","0.087","0.197","0.557","CE","0.485","BC","1","CB","0.927","CC","1","EB","0.994","EC","0.932"
"18","16","123","200","1063","0.256","0.268","0.232","0.268","0.27","0.058","0.219","0.159","AE","0.931","AB","0.999","AA","1","AB","0.936","EA","0.939","EB","0.998"
"19","16","124","923","989","1","1","1","0.985","1","0.091","0.258","0.582","CC","0.517","CD","1","CC","1","CD","0.985","CC","1","CD","0.985"
"20","16","125","859","996","0.131","0.124","0.131","0.131","0.131","0.103","0.03","0.066","BD","0.926","BB","0.988","BB","1","BB","1","DB","0.986","DB","0.986"
"21","16","129","527","871","0.651","0.666","0.654","0.672","0.672","0.07","0.133","0.672","EH","0.536","BH","0.98","EB","0.994","EH","0.672","HB","0.667","HH","1"
"22","16","133","698","996","0.139","0.146","0.15","0.15","0.15","0.157","0.062","0.058","DF","0.857","BF","1","DB","0.993","DF","0.144","FB","0.144","FF","1"
"23","16","155","768","870","0.194","0.214","0.223","0.223","0.223","0.243","0.118","0.068","CF","0.431","BF","0.996","CB","0.99","CF","0.223","FB","0.214","FF","1"
"24","16","160","851","983","1","0.992","1","1","1","0.115","0.217","0.573","CD","0.602","BC","0.99","CB","0.992","CC","1","DB","0.992","DC","1"
"25","16","161","592","698","0.368","0.358","0.264","0.368","0.368","0.058","0.217","0.274","DE","0.74","BE","0.88","DB","0.991","DE","1","EB","0.991","EE","1"
"26","16","166","467","870","0.223","0.231","0.221","0.236","0.236","0.058","0.219","0.135","EG","0.584","BG","0.998","EB","0.995","EG","0.216","GB","0.211","GG","1"
"27","16","168","577","989","0.193","0.202","0.195","0.205","0.205","0.084","0.153","0.117","DE","0.619","BE","0.991","DB","0.993","DE","0.998","EB","0.995","EE","1"
